-- phpMyAdmin SQL Dump
-- version 5.1.1
-- https://www.phpmyadmin.net/
--
-- Počítač: 127.0.0.1:3308
-- Vytvořeno: Ned 04. čen 2023, 23:54
-- Verze serveru: 8.0.27
-- Verze PHP: 7.4.26

SET SQL_MODE = "NO_AUTO_VALUE_ON_ZERO";
START TRANSACTION;
SET time_zone = "+00:00";


/*!40101 SET @OLD_CHARACTER_SET_CLIENT=@@CHARACTER_SET_CLIENT */;
/*!40101 SET @OLD_CHARACTER_SET_RESULTS=@@CHARACTER_SET_RESULTS */;
/*!40101 SET @OLD_COLLATION_CONNECTION=@@COLLATION_CONNECTION */;
/*!40101 SET NAMES utf8mb4 */;

--
-- Databáze: `prodej`
--

-- --------------------------------------------------------

--
-- Struktura tabulky `customer_dim`
--

DROP TABLE IF EXISTS `customer_dim`;
CREATE TABLE IF NOT EXISTS `customer_dim` (
  `customer_id` int NOT NULL AUTO_INCREMENT,
  `jmeno` varchar(20) NOT NULL,
  `prijmeni` varchar(20) NOT NULL,
  `vek` int DEFAULT NULL,
  PRIMARY KEY (`customer_id`)
) ENGINE=InnoDB AUTO_INCREMENT=101 DEFAULT CHARSET=utf8mb3;

--
-- Vypisuji data pro tabulku `customer_dim`
--

INSERT INTO `customer_dim` (`customer_id`, `jmeno`, `prijmeni`, `vek`) VALUES
(1, 'Jan', 'Novák', 25),
(2, 'Marie', 'Svobodová', 33),
(3, 'Petr', 'Dvořák', 42),
(4, 'Eva', 'Kovářová', 55),
(5, 'Tomáš', 'Procházka', 41),
(6, 'Jana', 'Malá', 29),
(7, 'Martin', 'Veselý', 37),
(8, 'Lucie', 'Pospíšilová', 28),
(9, 'Jakub', 'Horák', 49),
(10, 'Kateřina', 'Němcová', 64),
(11, 'Lukáš', 'Šimek', 21),
(12, 'Lenka', 'Kovaříková', 57),
(13, 'David', 'Beneš', 46),
(14, 'Michaela', 'Holubová', 35),
(15, 'Marek', 'Kučera', 32),
(16, 'Alena', 'Králová', 39),
(17, 'Radek', 'Bartoš', 45),
(18, 'Petra', 'Hájková', 22),
(19, 'Milan', 'Vlček', 30),
(20, 'Veronika', 'Machová', 61),
(21, 'Jiří', 'Růžička', 40),
(22, 'Simona', 'Prokopová', 43),
(23, 'Miroslav', 'Bílý', 54),
(24, 'Markéta', 'Konečná', 52),
(25, 'Richard', 'Vávra', 27),
(26, 'Eliška', 'Urbanová', 36),
(27, 'Jaroslav', 'Zeman', 70),
(28, 'Tereza', 'Štěpánová', 33),
(29, 'Filip', 'Pavlík', 26),
(30, 'Kristýna', 'Novotná', 23),
(31, 'Oldřich', 'Kratochvíl', 62),
(32, 'Adéla', 'Sedláčková', 31),
(33, 'Daniel', 'Novotný', 37),
(34, 'Nikola', 'Křížová', 24),
(35, 'Vojtěch', 'Richter', 44),
(36, 'Klára', 'Kovářová', 41),
(37, 'Dominik', 'Pospíšil', 55),
(38, 'Karolína', 'Hájková', 34),
(39, 'Jindřich', 'Šimůnek', 59),
(40, 'Sabina', 'Černá', 38),
(41, 'Václav', 'Novák', 47),
(42, 'Aneta', 'Dvořáková', 42),
(43, 'Pavel', 'Procházka', 51),
(44, 'Natálie', 'Veselá', 31),
(45, 'Ondřej', 'Malý', 48),
(46, 'Denisa', 'Pospíchalová', 29),
(47, 'Štěpán', 'Němec', 60),
(48, 'Kamila', 'Holubová', 50),
(49, 'Tomáš', 'Kučera', 29),
(50, 'Karolina', 'Králová', 26),
(51, 'Marek', 'Bartoš', 56),
(52, 'Lucie', 'Hájková', 33),
(53, 'Jakub', 'Vlček', 39),
(54, 'Kateřina', 'Machová', 42),
(55, 'Lukáš', 'Růžička', 65),
(56, 'Lenka', 'Prokopová', 54),
(57, 'David', 'Bílý', 29),
(58, 'Michaela', 'Konečná', 44),
(59, 'Marek', 'Vávra', 33),
(60, 'Alena', 'Urbanová', 49),
(61, 'Radek', 'Zeman', 27),
(62, 'Petra', 'Štěpánová', 36),
(63, 'Milan', 'Pavlík', 41),
(64, 'Veronika', 'Novotná', 52),
(65, 'Jiří', 'Kratochvíl', 37),
(66, 'Simona', 'Sedláčková', 24),
(67, 'Miroslav', 'Novotný', 47),
(68, 'Markéta', 'Křížová', 43),
(69, 'Richard', 'Richter', 58),
(70, 'Eliška', 'Kovářová', 37),
(71, 'Jaroslav', 'Pospíšil', 63),
(72, 'Tereza', 'Hájková', 45),
(73, 'Filip', 'Šimůnek', 32),
(74, 'Kristýna', 'Černá', 39),
(75, 'Oldřich', 'Novák', 68),
(76, 'Adéla', 'Dvořáková', 47),
(77, 'Daniel', 'Procházka', 36),
(78, 'Nikola', 'Veselá', 42),
(79, 'Vojtěch', 'Malý', 51),
(80, 'Klára', 'Pospíchalová', 32),
(81, 'Dominik', 'Němec', 61),
(82, 'Karolína', 'Holubová', 48),
(83, 'Jindřich', 'Kučera', 37),
(84, 'Sabina', 'Králová', 54),
(85, 'Václav', 'Bartoš', 30),
(86, 'Aneta', 'Hájková', 39),
(87, 'Pavel', 'Vlček', 45),
(88, 'Natálie', 'Machová', 62),
(89, 'Ondřej', 'Růžička', 41),
(90, 'Denisa', 'Prokopová', 57),
(91, 'Štěpán', 'Bílý', 46),
(92, 'Kamila', 'Konečná', 35),
(93, 'Tomáš', 'Vávra', 32),
(94, 'Karolina', 'Urbanová', 49),
(95, 'Marek', 'Zeman', 27),
(96, 'Lucie', 'Štěpánová', 36),
(97, 'Jakub', 'Pavlík', 41),
(98, 'Kateřina', 'Novotná', 52),
(99, 'Lukáš', 'Kratochvíl', 37),
(100, 'Lenka', 'Sedláčková', 24);

-- --------------------------------------------------------

--
-- Struktura tabulky `platform_dim`
--

DROP TABLE IF EXISTS `platform_dim`;
CREATE TABLE IF NOT EXISTS `platform_dim` (
  `platform_id` int NOT NULL AUTO_INCREMENT,
  `nazev` varchar(15) NOT NULL,
  `misto` varchar(25) DEFAULT NULL,
  PRIMARY KEY (`platform_id`)
) ENGINE=InnoDB AUTO_INCREMENT=13 DEFAULT CHARSET=utf8mb3;

--
-- Vypisuji data pro tabulku `platform_dim`
--

INSERT INTO `platform_dim` (`platform_id`, `nazev`, `misto`) VALUES
(1, 'Online', 'Ústí nad Labem'),
(2, 'Online', 'Praha'),
(3, 'Online', 'Brno'),
(4, 'Online', 'Plzeň'),
(5, 'Online', 'Šluknov'),
(6, 'Online', 'Pardubice'),
(7, 'Pobočka', 'Ústí nad Labem'),
(8, 'Pobočka', 'Praha'),
(9, 'Pobočka', 'Brno'),
(10, 'Pobočka', 'Plzeň'),
(11, 'Pobočka', 'Šluknov'),
(12, 'Pobočka', 'Pardubice');

-- --------------------------------------------------------

--
-- Struktura tabulky `prodej_fact`
--

DROP TABLE IF EXISTS `prodej_fact`;
CREATE TABLE IF NOT EXISTS `prodej_fact` (
  `prodej_id` int NOT NULL AUTO_INCREMENT,
  `datum_id` int NOT NULL,
  `product_id` int NOT NULL,
  `platform_id` int NOT NULL,
  `customer_id` int NOT NULL,
  `mnozstvi` int DEFAULT NULL,
  `cena` int NOT NULL,
  `mena` varchar(3) NOT NULL,
  PRIMARY KEY (`prodej_id`,`datum_id`,`product_id`,`platform_id`,`customer_id`),
  KEY `fk_prodej_fact_time_dim_idx` (`datum_id`),
  KEY `fk_prodej_fact_products_dim1_idx` (`product_id`),
  KEY `fk_prodej_fact_platform_dim1_idx` (`platform_id`),
  KEY `fk_prodej_fact_customer_dim1_idx` (`customer_id`)
) ENGINE=InnoDB AUTO_INCREMENT=1001 DEFAULT CHARSET=utf8mb3;

--
-- Vypisuji data pro tabulku `prodej_fact`
--

INSERT INTO `prodej_fact` (`prodej_id`, `datum_id`, `product_id`, `platform_id`, `customer_id`, `mnozstvi`, `cena`, `mena`) VALUES
(1, 28, 9, 11, 52, 1, 1274, 'CZK'),
(2, 4, 8, 11, 37, 5, 9359, 'CZK'),
(3, 26, 7, 11, 29, 3, 6165, 'CZK'),
(4, 64, 6, 11, 32, 2, 7600, 'CZK'),
(5, 80, 5, 11, 75, 4, 751, 'CZK'),
(6, 27, 4, 11, 77, 1, 8085, 'CZK'),
(7, 68, 3, 11, 59, 5, 7459, 'CZK'),
(8, 86, 2, 11, 65, 1, 6963, 'CZK'),
(9, 31, 1, 11, 48, 3, 3947, 'CZK'),
(10, 56, 10, 12, 43, 4, 3790, 'CZK'),
(11, 5, 9, 12, 71, 1, 3306, 'CZK'),
(12, 36, 8, 12, 26, 4, 8463, 'CZK'),
(13, 89, 7, 12, 16, 5, 8361, 'CZK'),
(14, 48, 6, 12, 2, 5, 9448, 'CZK'),
(15, 10, 5, 12, 63, 4, 165, 'CZK'),
(16, 6, 4, 12, 7, 2, 439, 'CZK'),
(17, 46, 3, 12, 44, 1, 5728, 'CZK'),
(18, 28, 2, 12, 98, 4, 5596, 'CZK'),
(19, 75, 1, 12, 58, 1, 731, 'CZK'),
(20, 14, 10, 1, 98, 3, 1189, 'CZK'),
(21, 4, 9, 1, 13, 5, 892, 'CZK'),
(22, 90, 8, 1, 69, 2, 4369, 'CZK'),
(23, 50, 7, 1, 9, 1, 3417, 'CZK'),
(24, 20, 6, 1, 35, 5, 1681, 'CZK'),
(25, 97, 5, 1, 47, 2, 7389, 'CZK'),
(26, 72, 4, 1, 29, 2, 5874, 'CZK'),
(27, 89, 3, 1, 4, 4, 7789, 'CZK'),
(28, 82, 2, 1, 32, 4, 3916, 'CZK'),
(29, 63, 1, 1, 49, 5, 8711, 'CZK'),
(30, 51, 10, 2, 47, 5, 1769, 'CZK'),
(31, 3, 9, 2, 90, 4, 195, 'CZK'),
(32, 20, 8, 2, 5, 5, 2259, 'CZK'),
(33, 21, 7, 2, 58, 2, 1997, 'CZK'),
(34, 88, 6, 2, 74, 5, 4441, 'CZK'),
(35, 75, 5, 2, 93, 3, 9054, 'CZK'),
(36, 24, 4, 2, 44, 3, 5192, 'CZK'),
(37, 25, 3, 2, 40, 4, 7337, 'CZK'),
(38, 58, 2, 2, 67, 4, 5961, 'CZK'),
(39, 98, 1, 2, 13, 1, 6242, 'CZK'),
(40, 78, 10, 3, 67, 5, 6511, 'CZK'),
(41, 27, 9, 3, 93, 2, 608, 'CZK'),
(42, 16, 8, 3, 62, 4, 6333, 'CZK'),
(43, 30, 7, 3, 33, 3, 9768, 'CZK'),
(44, 18, 6, 3, 78, 5, 1311, 'CZK'),
(45, 83, 5, 3, 90, 4, 4290, 'CZK'),
(46, 77, 4, 3, 15, 3, 5616, 'CZK'),
(47, 7, 3, 3, 6, 4, 1549, 'CZK'),
(48, 73, 2, 3, 85, 1, 6694, 'CZK'),
(49, 84, 1, 3, 5, 1, 3387, 'CZK'),
(50, 17, 10, 4, 70, 5, 5876, 'CZK'),
(51, 48, 9, 4, 33, 4, 7117, 'CZK'),
(52, 67, 8, 4, 57, 1, 9468, 'CZK'),
(53, 18, 7, 4, 84, 1, 5693, 'CZK'),
(54, 78, 6, 4, 50, 1, 6492, 'CZK'),
(55, 64, 5, 4, 97, 2, 4002, 'CZK'),
(56, 19, 4, 4, 36, 4, 1102, 'CZK'),
(57, 32, 3, 4, 88, 2, 4606, 'CZK'),
(58, 44, 2, 4, 29, 4, 6845, 'CZK'),
(59, 2, 1, 4, 82, 1, 2230, 'CZK'),
(60, 92, 10, 5, 21, 5, 8197, 'CZK'),
(61, 36, 9, 5, 59, 2, 6210, 'CZK'),
(62, 8, 8, 5, 33, 3, 2979, 'CZK'),
(63, 96, 7, 5, 86, 5, 6085, 'CZK'),
(64, 35, 6, 5, 32, 5, 5129, 'CZK'),
(65, 82, 5, 5, 3, 3, 3221, 'CZK'),
(66, 92, 4, 5, 17, 4, 5143, 'CZK'),
(67, 59, 3, 5, 74, 2, 2439, 'CZK'),
(68, 99, 2, 5, 18, 2, 1561, 'CZK'),
(69, 8, 1, 5, 69, 5, 4394, 'CZK'),
(70, 38, 10, 6, 92, 3, 7121, 'CZK'),
(71, 85, 9, 6, 52, 1, 317, 'CZK'),
(72, 78, 8, 6, 84, 4, 6173, 'CZK'),
(73, 72, 7, 6, 65, 4, 4885, 'CZK'),
(74, 25, 6, 6, 70, 4, 1102, 'CZK'),
(75, 21, 5, 6, 56, 4, 609, 'CZK'),
(76, 6, 4, 6, 68, 1, 3916, 'CZK'),
(77, 61, 3, 6, 73, 5, 4491, 'CZK'),
(78, 67, 2, 6, 58, 1, 856, 'CZK'),
(79, 34, 1, 6, 74, 3, 1436, 'CZK'),
(80, 40, 10, 7, 93, 3, 7404, 'CZK'),
(81, 93, 9, 7, 42, 3, 3777, 'CZK'),
(82, 57, 8, 7, 31, 4, 8021, 'CZK'),
(83, 91, 7, 7, 27, 1, 9757, 'CZK'),
(84, 46, 6, 7, 43, 2, 4349, 'CZK'),
(85, 7, 5, 7, 33, 1, 9984, 'CZK'),
(86, 88, 4, 7, 35, 2, 2879, 'CZK'),
(87, 26, 3, 7, 77, 3, 5101, 'CZK'),
(88, 16, 2, 7, 79, 2, 8324, 'CZK'),
(89, 38, 1, 7, 65, 2, 8175, 'CZK'),
(90, 92, 10, 8, 87, 1, 8239, 'CZK'),
(91, 78, 9, 8, 40, 3, 7497, 'CZK'),
(92, 50, 8, 8, 39, 2, 5792, 'CZK'),
(93, 25, 7, 8, 73, 3, 8220, 'CZK'),
(94, 57, 6, 8, 46, 2, 965, 'CZK'),
(95, 38, 5, 8, 12, 3, 8520, 'CZK'),
(96, 48, 4, 8, 23, 5, 6814, 'CZK'),
(97, 94, 3, 8, 75, 4, 2957, 'CZK'),
(98, 60, 2, 8, 9, 1, 7830, 'CZK'),
(99, 57, 1, 8, 18, 3, 6726, 'CZK'),
(100, 94, 10, 9, 64, 4, 4692, 'CZK'),
(101, 37, 9, 9, 65, 3, 426, 'CZK'),
(102, 90, 8, 9, 33, 2, 1243, 'CZK'),
(103, 51, 7, 9, 68, 1, 3541, 'CZK'),
(104, 23, 6, 9, 43, 1, 6952, 'CZK'),
(105, 25, 5, 9, 9, 1, 9794, 'CZK'),
(106, 47, 4, 9, 14, 3, 6503, 'CZK'),
(107, 1, 3, 9, 44, 1, 3134, 'CZK'),
(108, 35, 2, 9, 79, 5, 622, 'CZK'),
(109, 81, 1, 9, 59, 5, 9498, 'CZK'),
(110, 13, 10, 10, 60, 4, 5204, 'CZK'),
(111, 25, 9, 10, 24, 4, 6189, 'CZK'),
(112, 7, 8, 10, 38, 3, 2864, 'CZK'),
(113, 91, 7, 10, 18, 4, 7357, 'CZK'),
(114, 60, 6, 10, 74, 4, 1103, 'CZK'),
(115, 18, 5, 10, 18, 3, 3246, 'CZK'),
(116, 89, 4, 10, 67, 3, 6874, 'CZK'),
(117, 2, 3, 10, 79, 1, 1669, 'CZK'),
(118, 67, 2, 10, 93, 5, 2161, 'CZK'),
(119, 53, 1, 10, 26, 5, 3861, 'CZK'),
(120, 94, 10, 11, 53, 3, 7755, 'CZK'),
(121, 33, 9, 11, 86, 2, 5981, 'CZK'),
(122, 3, 8, 11, 72, 2, 6522, 'CZK'),
(123, 21, 7, 11, 100, 1, 8539, 'CZK'),
(124, 98, 6, 11, 85, 2, 6845, 'CZK'),
(125, 45, 5, 11, 22, 1, 4965, 'CZK'),
(126, 97, 4, 11, 56, 2, 9209, 'CZK'),
(127, 51, 3, 11, 15, 4, 3445, 'CZK'),
(128, 38, 2, 11, 4, 5, 1942, 'CZK'),
(129, 35, 1, 11, 74, 1, 7662, 'CZK'),
(130, 35, 10, 12, 60, 3, 888, 'CZK'),
(131, 14, 9, 12, 78, 3, 7518, 'CZK'),
(132, 46, 8, 12, 11, 1, 7922, 'CZK'),
(133, 86, 7, 12, 17, 5, 9799, 'CZK'),
(134, 17, 6, 12, 51, 5, 466, 'CZK'),
(135, 46, 5, 12, 4, 1, 5195, 'CZK'),
(136, 5, 4, 12, 67, 4, 1808, 'CZK'),
(137, 89, 3, 12, 21, 5, 9096, 'CZK'),
(138, 81, 2, 12, 3, 2, 440, 'CZK'),
(139, 31, 1, 12, 52, 3, 2241, 'CZK'),
(140, 81, 10, 1, 49, 2, 3839, 'CZK'),
(141, 83, 9, 1, 89, 5, 3844, 'CZK'),
(142, 99, 8, 1, 97, 5, 630, 'CZK'),
(143, 86, 7, 1, 18, 1, 838, 'CZK'),
(144, 99, 6, 1, 99, 4, 5282, 'CZK'),
(145, 54, 5, 1, 38, 1, 8582, 'CZK'),
(146, 2, 4, 1, 95, 3, 4136, 'CZK'),
(147, 58, 3, 1, 62, 4, 4894, 'CZK'),
(148, 50, 2, 1, 22, 1, 7314, 'CZK'),
(149, 51, 1, 1, 22, 2, 2270, 'CZK'),
(150, 6, 10, 2, 46, 4, 8681, 'CZK'),
(151, 52, 9, 2, 61, 5, 4223, 'CZK'),
(152, 10, 8, 2, 68, 2, 9138, 'CZK'),
(153, 84, 7, 2, 57, 3, 7880, 'CZK'),
(154, 55, 6, 2, 79, 2, 2281, 'CZK'),
(155, 99, 5, 2, 26, 2, 4179, 'CZK'),
(156, 24, 4, 2, 92, 5, 214, 'CZK'),
(157, 23, 3, 2, 83, 1, 8035, 'CZK'),
(158, 72, 2, 2, 36, 1, 8069, 'CZK'),
(159, 45, 1, 2, 31, 5, 7546, 'CZK'),
(160, 31, 10, 3, 46, 2, 4381, 'CZK'),
(161, 36, 9, 3, 37, 3, 2979, 'CZK'),
(162, 5, 8, 3, 48, 2, 5905, 'CZK'),
(163, 91, 7, 3, 28, 4, 658, 'CZK'),
(164, 3, 6, 3, 97, 5, 6859, 'CZK'),
(165, 57, 5, 3, 98, 4, 997, 'CZK'),
(166, 20, 4, 3, 100, 4, 8222, 'CZK'),
(167, 7, 3, 3, 7, 5, 1903, 'CZK'),
(168, 28, 2, 3, 31, 5, 4311, 'CZK'),
(169, 57, 1, 3, 37, 3, 1208, 'CZK'),
(170, 88, 10, 4, 89, 1, 4725, 'CZK'),
(171, 29, 9, 4, 33, 1, 3598, 'CZK'),
(172, 64, 8, 4, 100, 1, 6555, 'CZK'),
(173, 93, 7, 4, 98, 4, 6272, 'CZK'),
(174, 8, 6, 4, 90, 3, 2760, 'CZK'),
(175, 85, 5, 4, 55, 3, 6697, 'CZK'),
(176, 1, 4, 4, 4, 1, 617, 'CZK'),
(177, 23, 3, 4, 53, 5, 1968, 'CZK'),
(178, 3, 2, 4, 55, 3, 6893, 'CZK'),
(179, 78, 1, 4, 14, 5, 7991, 'CZK'),
(180, 51, 10, 5, 7, 1, 2411, 'CZK'),
(181, 72, 9, 5, 92, 5, 1671, 'CZK'),
(182, 22, 8, 5, 38, 4, 3974, 'CZK'),
(183, 14, 7, 5, 11, 3, 336, 'CZK'),
(184, 67, 6, 5, 44, 2, 3495, 'CZK'),
(185, 91, 5, 5, 86, 3, 7956, 'CZK'),
(186, 46, 4, 5, 99, 5, 2245, 'CZK'),
(187, 33, 3, 5, 34, 5, 9153, 'CZK'),
(188, 64, 2, 5, 74, 3, 3093, 'CZK'),
(189, 19, 1, 5, 67, 1, 5006, 'CZK'),
(190, 46, 10, 6, 12, 4, 4846, 'CZK'),
(191, 10, 9, 6, 60, 1, 9744, 'CZK'),
(192, 71, 8, 6, 63, 4, 9819, 'CZK'),
(193, 5, 7, 6, 33, 2, 2445, 'CZK'),
(194, 37, 6, 6, 75, 1, 4536, 'CZK'),
(195, 92, 5, 6, 76, 2, 4574, 'CZK'),
(196, 54, 4, 6, 54, 2, 659, 'CZK'),
(197, 29, 3, 6, 42, 2, 3272, 'CZK'),
(198, 91, 2, 6, 49, 3, 1176, 'CZK'),
(199, 85, 1, 6, 17, 5, 547, 'CZK'),
(200, 48, 10, 7, 38, 2, 6868, 'CZK'),
(201, 76, 9, 7, 39, 4, 4697, 'CZK'),
(202, 8, 8, 7, 79, 5, 6970, 'CZK'),
(203, 52, 7, 7, 78, 3, 9741, 'CZK'),
(204, 36, 6, 7, 51, 5, 1802, 'CZK'),
(205, 32, 5, 7, 20, 1, 4655, 'CZK'),
(206, 5, 4, 7, 49, 5, 1711, 'CZK'),
(207, 23, 3, 7, 83, 4, 5996, 'CZK'),
(208, 1, 2, 7, 69, 2, 2542, 'CZK'),
(209, 48, 1, 7, 96, 4, 6577, 'CZK'),
(210, 44, 10, 8, 72, 1, 6818, 'CZK'),
(211, 81, 9, 8, 70, 1, 6245, 'CZK'),
(212, 8, 8, 8, 33, 3, 3388, 'CZK'),
(213, 13, 7, 8, 56, 4, 8180, 'CZK'),
(214, 17, 6, 8, 79, 2, 3289, 'CZK'),
(215, 53, 5, 8, 29, 4, 7370, 'CZK'),
(216, 69, 4, 8, 5, 2, 539, 'CZK'),
(217, 57, 3, 8, 40, 4, 7255, 'CZK'),
(218, 57, 2, 8, 83, 4, 6245, 'CZK'),
(219, 12, 1, 8, 94, 4, 1537, 'CZK'),
(220, 64, 10, 9, 20, 4, 8594, 'CZK'),
(221, 3, 9, 9, 16, 3, 7191, 'CZK'),
(222, 91, 8, 9, 22, 2, 1453, 'CZK'),
(223, 58, 7, 9, 63, 3, 6016, 'CZK'),
(224, 60, 6, 9, 45, 1, 1208, 'CZK'),
(225, 3, 5, 9, 36, 4, 8258, 'CZK'),
(226, 79, 4, 9, 47, 3, 8945, 'CZK'),
(227, 12, 3, 9, 24, 5, 2350, 'CZK'),
(228, 39, 2, 9, 80, 2, 743, 'CZK'),
(229, 60, 1, 9, 27, 4, 689, 'CZK'),
(230, 100, 10, 10, 92, 4, 172, 'CZK'),
(231, 65, 9, 10, 82, 1, 9807, 'CZK'),
(232, 37, 8, 10, 32, 5, 2419, 'CZK'),
(233, 59, 7, 10, 12, 2, 2755, 'CZK'),
(234, 74, 6, 10, 66, 5, 1412, 'CZK'),
(235, 7, 5, 10, 95, 5, 3689, 'CZK'),
(236, 9, 4, 10, 73, 2, 4272, 'CZK'),
(237, 11, 3, 10, 82, 2, 9275, 'CZK'),
(238, 90, 2, 10, 90, 4, 7607, 'CZK'),
(239, 73, 1, 10, 5, 2, 6456, 'CZK'),
(240, 12, 10, 11, 53, 4, 8838, 'CZK'),
(241, 48, 9, 11, 50, 4, 2854, 'CZK'),
(242, 17, 8, 11, 92, 5, 4318, 'CZK'),
(243, 19, 7, 11, 6, 4, 5771, 'CZK'),
(244, 100, 6, 11, 56, 2, 3263, 'CZK'),
(245, 82, 5, 11, 63, 1, 1065, 'CZK'),
(246, 17, 4, 11, 44, 3, 1794, 'CZK'),
(247, 26, 3, 11, 33, 4, 666, 'CZK'),
(248, 100, 2, 11, 29, 4, 9588, 'CZK'),
(249, 44, 1, 11, 49, 2, 1310, 'CZK'),
(250, 77, 10, 12, 57, 3, 9090, 'CZK'),
(251, 23, 9, 12, 36, 3, 3462, 'CZK'),
(252, 49, 8, 12, 7, 3, 6597, 'CZK'),
(253, 1, 7, 12, 30, 1, 3377, 'CZK'),
(254, 45, 6, 12, 25, 2, 7676, 'CZK'),
(255, 18, 5, 12, 37, 3, 2898, 'CZK'),
(256, 74, 4, 12, 10, 5, 9541, 'CZK'),
(257, 28, 3, 12, 39, 3, 6607, 'CZK'),
(258, 81, 2, 12, 65, 1, 8328, 'CZK'),
(259, 1, 1, 12, 8, 3, 7395, 'CZK'),
(260, 3, 10, 1, 43, 5, 5142, 'CZK'),
(261, 80, 9, 1, 93, 3, 8492, 'CZK'),
(262, 90, 8, 1, 33, 5, 727, 'CZK'),
(263, 47, 7, 1, 87, 1, 1937, 'CZK'),
(264, 59, 6, 1, 34, 2, 1459, 'CZK'),
(265, 55, 5, 1, 10, 2, 9750, 'CZK'),
(266, 91, 4, 1, 48, 3, 2755, 'CZK'),
(267, 56, 3, 1, 8, 5, 1486, 'CZK'),
(268, 83, 2, 1, 97, 4, 9602, 'CZK'),
(269, 75, 1, 1, 59, 5, 110, 'CZK'),
(270, 47, 10, 2, 4, 2, 1787, 'CZK'),
(271, 92, 9, 2, 43, 1, 6134, 'CZK'),
(272, 84, 8, 2, 2, 2, 1623, 'CZK'),
(273, 79, 7, 2, 81, 3, 8540, 'CZK'),
(274, 95, 6, 2, 98, 1, 533, 'CZK'),
(275, 69, 5, 2, 48, 2, 4894, 'CZK'),
(276, 50, 4, 2, 44, 1, 5657, 'CZK'),
(277, 79, 3, 2, 74, 2, 8304, 'CZK'),
(278, 44, 2, 2, 38, 4, 1421, 'CZK'),
(279, 61, 1, 2, 67, 4, 3091, 'CZK'),
(280, 65, 10, 3, 22, 2, 5756, 'CZK'),
(281, 96, 9, 3, 9, 1, 5530, 'CZK'),
(282, 49, 8, 3, 76, 4, 4574, 'CZK'),
(283, 92, 7, 3, 52, 2, 3517, 'CZK'),
(284, 8, 6, 3, 34, 2, 4202, 'CZK'),
(285, 10, 5, 3, 12, 2, 8291, 'CZK'),
(286, 48, 4, 3, 59, 5, 9960, 'CZK'),
(287, 34, 3, 3, 58, 4, 3433, 'CZK'),
(288, 69, 2, 3, 12, 3, 550, 'CZK'),
(289, 97, 1, 3, 84, 4, 5537, 'CZK'),
(290, 68, 10, 4, 86, 4, 7108, 'CZK'),
(291, 30, 9, 4, 75, 2, 8001, 'CZK'),
(292, 99, 8, 4, 19, 3, 7353, 'CZK'),
(293, 5, 7, 4, 70, 1, 692, 'CZK'),
(294, 18, 6, 4, 93, 4, 211, 'CZK'),
(295, 93, 5, 4, 54, 4, 2948, 'CZK'),
(296, 60, 4, 4, 89, 1, 7101, 'CZK'),
(297, 25, 3, 4, 85, 1, 8056, 'CZK'),
(298, 70, 2, 4, 55, 1, 2003, 'CZK'),
(299, 80, 1, 4, 20, 3, 6910, 'CZK'),
(300, 19, 10, 5, 34, 5, 8376, 'CZK'),
(301, 54, 9, 5, 11, 1, 3107, 'CZK'),
(302, 97, 8, 5, 50, 5, 7348, 'CZK'),
(303, 88, 7, 5, 17, 2, 3732, 'CZK'),
(304, 24, 6, 5, 35, 1, 5877, 'CZK'),
(305, 76, 5, 5, 22, 1, 7752, 'CZK'),
(306, 85, 4, 5, 5, 5, 908, 'CZK'),
(307, 64, 3, 5, 61, 5, 6687, 'CZK'),
(308, 60, 2, 5, 88, 5, 294, 'CZK'),
(309, 23, 1, 5, 55, 1, 6095, 'CZK'),
(310, 87, 10, 6, 13, 3, 9184, 'CZK'),
(311, 9, 9, 6, 100, 4, 580, 'CZK'),
(312, 27, 8, 6, 61, 1, 1201, 'CZK'),
(313, 2, 7, 6, 4, 4, 5934, 'CZK'),
(314, 78, 6, 6, 37, 1, 1436, 'CZK'),
(315, 41, 5, 6, 74, 4, 8924, 'CZK'),
(316, 60, 4, 6, 56, 2, 6571, 'CZK'),
(317, 42, 3, 6, 58, 1, 2342, 'CZK'),
(318, 86, 2, 6, 23, 4, 4781, 'CZK'),
(319, 54, 1, 6, 38, 2, 7130, 'CZK'),
(320, 76, 10, 7, 22, 4, 480, 'CZK'),
(321, 21, 9, 7, 96, 5, 9025, 'CZK'),
(322, 80, 8, 7, 15, 2, 869, 'CZK'),
(323, 51, 7, 7, 83, 2, 8821, 'CZK'),
(324, 58, 6, 7, 72, 2, 3759, 'CZK'),
(325, 20, 5, 7, 12, 5, 7843, 'CZK'),
(326, 29, 4, 7, 40, 1, 5934, 'CZK'),
(327, 68, 3, 7, 67, 4, 343, 'CZK'),
(328, 30, 2, 7, 12, 2, 658, 'CZK'),
(329, 13, 1, 7, 59, 3, 8497, 'CZK'),
(330, 92, 10, 8, 60, 1, 3353, 'CZK'),
(331, 61, 9, 8, 23, 1, 3953, 'CZK'),
(332, 83, 8, 8, 33, 5, 2719, 'CZK'),
(333, 49, 7, 8, 97, 4, 6570, 'CZK'),
(334, 41, 6, 8, 84, 1, 1471, 'CZK'),
(335, 48, 5, 8, 31, 5, 4413, 'CZK'),
(336, 26, 4, 8, 1, 5, 1249, 'CZK'),
(337, 65, 3, 8, 11, 5, 5292, 'CZK'),
(338, 95, 2, 8, 53, 1, 8215, 'CZK'),
(339, 72, 1, 8, 29, 1, 4155, 'CZK'),
(340, 72, 10, 9, 89, 2, 6419, 'CZK'),
(341, 12, 9, 9, 55, 4, 9997, 'CZK'),
(342, 99, 8, 9, 8, 5, 7454, 'CZK'),
(343, 89, 7, 9, 75, 2, 4375, 'CZK'),
(344, 50, 6, 9, 49, 1, 4955, 'CZK'),
(345, 87, 5, 9, 18, 5, 5739, 'CZK'),
(346, 36, 4, 9, 46, 1, 3310, 'CZK'),
(347, 39, 3, 9, 74, 5, 5706, 'CZK'),
(348, 1, 2, 9, 31, 2, 5509, 'CZK'),
(349, 81, 1, 9, 35, 2, 4289, 'CZK'),
(350, 3, 10, 10, 80, 5, 1056, 'CZK'),
(351, 99, 9, 10, 93, 4, 3107, 'CZK'),
(352, 56, 8, 10, 27, 5, 6971, 'CZK'),
(353, 86, 7, 10, 56, 1, 3225, 'CZK'),
(354, 6, 6, 10, 97, 2, 5247, 'CZK'),
(355, 59, 5, 10, 16, 2, 757, 'CZK'),
(356, 24, 4, 10, 91, 5, 2820, 'CZK'),
(357, 38, 3, 10, 6, 1, 1999, 'CZK'),
(358, 77, 2, 10, 54, 2, 9264, 'CZK'),
(359, 90, 1, 10, 52, 4, 8699, 'CZK'),
(360, 21, 10, 11, 99, 3, 4954, 'CZK'),
(361, 19, 9, 11, 37, 3, 7797, 'CZK'),
(362, 49, 8, 11, 86, 1, 9536, 'CZK'),
(363, 53, 7, 11, 21, 4, 2639, 'CZK'),
(364, 99, 6, 11, 47, 1, 7852, 'CZK'),
(365, 48, 5, 11, 71, 1, 7149, 'CZK'),
(366, 48, 4, 11, 12, 2, 8214, 'CZK'),
(367, 35, 3, 11, 48, 2, 3508, 'CZK'),
(368, 89, 2, 11, 2, 3, 4166, 'CZK'),
(369, 81, 1, 11, 65, 4, 5685, 'CZK'),
(370, 44, 10, 12, 20, 3, 472, 'CZK'),
(371, 79, 9, 12, 6, 5, 7837, 'CZK'),
(372, 42, 8, 12, 68, 4, 5105, 'CZK'),
(373, 27, 7, 12, 22, 5, 3480, 'CZK'),
(374, 22, 6, 12, 6, 1, 6714, 'CZK'),
(375, 15, 5, 12, 62, 4, 2313, 'CZK'),
(376, 92, 4, 12, 91, 5, 8515, 'CZK'),
(377, 49, 3, 12, 68, 5, 9573, 'CZK'),
(378, 14, 2, 12, 66, 4, 5992, 'CZK'),
(379, 58, 1, 12, 26, 1, 7801, 'CZK'),
(380, 59, 10, 1, 32, 3, 1684, 'CZK'),
(381, 6, 9, 1, 81, 4, 8001, 'CZK'),
(382, 62, 8, 1, 7, 4, 5265, 'CZK'),
(383, 60, 7, 1, 94, 2, 2017, 'CZK'),
(384, 79, 6, 1, 46, 2, 4125, 'CZK'),
(385, 98, 5, 1, 49, 4, 3030, 'CZK'),
(386, 56, 4, 1, 6, 5, 7055, 'CZK'),
(387, 90, 3, 1, 81, 2, 2193, 'CZK'),
(388, 92, 2, 1, 86, 5, 9462, 'CZK'),
(389, 92, 1, 1, 89, 4, 9418, 'CZK'),
(390, 50, 10, 2, 83, 4, 7628, 'CZK'),
(391, 86, 9, 2, 51, 5, 4241, 'CZK'),
(392, 11, 8, 2, 5, 2, 9377, 'CZK'),
(393, 95, 7, 2, 72, 5, 6676, 'CZK'),
(394, 63, 6, 2, 45, 1, 8405, 'CZK'),
(395, 77, 5, 2, 9, 2, 1816, 'CZK'),
(396, 100, 4, 2, 10, 3, 2294, 'CZK'),
(397, 79, 3, 2, 21, 2, 611, 'CZK'),
(398, 41, 2, 2, 74, 5, 1538, 'CZK'),
(399, 11, 1, 2, 8, 1, 2335, 'CZK'),
(400, 80, 10, 3, 18, 2, 1536, 'CZK'),
(401, 81, 9, 3, 66, 3, 5138, 'CZK'),
(402, 80, 8, 3, 76, 3, 7992, 'CZK'),
(403, 69, 7, 3, 81, 1, 386, 'CZK'),
(404, 11, 6, 3, 77, 3, 7908, 'CZK'),
(405, 69, 5, 3, 40, 1, 3157, 'CZK'),
(406, 33, 4, 3, 71, 4, 4153, 'CZK'),
(407, 3, 3, 3, 33, 5, 4216, 'CZK'),
(408, 39, 2, 3, 50, 4, 2151, 'CZK'),
(409, 3, 1, 3, 53, 3, 3602, 'CZK'),
(410, 32, 10, 4, 13, 3, 7094, 'CZK'),
(411, 94, 9, 4, 6, 3, 9661, 'CZK'),
(412, 17, 8, 4, 92, 5, 1921, 'CZK'),
(413, 11, 7, 4, 42, 5, 6445, 'CZK'),
(414, 23, 6, 4, 32, 1, 3123, 'CZK'),
(415, 95, 5, 4, 32, 4, 1306, 'CZK'),
(416, 25, 4, 4, 65, 5, 5104, 'CZK'),
(417, 99, 3, 4, 28, 3, 1518, 'CZK'),
(418, 46, 2, 4, 46, 5, 8147, 'CZK'),
(419, 57, 1, 4, 46, 2, 1612, 'CZK'),
(420, 67, 10, 5, 91, 5, 2833, 'CZK'),
(421, 83, 9, 5, 14, 2, 9603, 'CZK'),
(422, 95, 8, 5, 100, 5, 3443, 'CZK'),
(423, 19, 7, 5, 54, 5, 1111, 'CZK'),
(424, 71, 6, 5, 72, 2, 625, 'CZK'),
(425, 56, 5, 5, 96, 4, 4918, 'CZK'),
(426, 54, 4, 5, 66, 2, 5091, 'CZK'),
(427, 86, 3, 5, 38, 4, 1951, 'CZK'),
(428, 69, 2, 5, 95, 5, 3548, 'CZK'),
(429, 10, 1, 5, 58, 3, 8177, 'CZK'),
(430, 83, 10, 6, 6, 4, 8621, 'CZK'),
(431, 31, 9, 6, 54, 5, 8288, 'CZK'),
(432, 29, 8, 6, 53, 5, 9269, 'CZK'),
(433, 76, 7, 6, 3, 1, 7575, 'CZK'),
(434, 77, 6, 6, 53, 3, 4048, 'CZK'),
(435, 39, 5, 6, 57, 4, 5225, 'CZK'),
(436, 39, 4, 6, 27, 2, 6472, 'CZK'),
(437, 15, 3, 6, 63, 4, 5175, 'CZK'),
(438, 20, 2, 6, 34, 3, 6377, 'CZK'),
(439, 84, 1, 6, 81, 2, 8826, 'CZK'),
(440, 58, 10, 7, 3, 2, 3992, 'CZK'),
(441, 30, 9, 7, 71, 2, 6532, 'CZK'),
(442, 33, 8, 7, 44, 4, 3712, 'CZK'),
(443, 83, 7, 7, 7, 1, 6512, 'CZK'),
(444, 17, 6, 7, 3, 5, 9581, 'CZK'),
(445, 12, 5, 7, 92, 4, 1346, 'CZK'),
(446, 56, 4, 7, 49, 2, 2261, 'CZK'),
(447, 98, 3, 7, 72, 1, 764, 'CZK'),
(448, 75, 2, 7, 12, 3, 4806, 'CZK'),
(449, 75, 1, 7, 44, 2, 2275, 'CZK'),
(450, 23, 10, 8, 84, 3, 7434, 'CZK'),
(451, 25, 9, 8, 88, 1, 3384, 'CZK'),
(452, 62, 8, 8, 85, 1, 5390, 'CZK'),
(453, 45, 7, 8, 60, 4, 7937, 'CZK'),
(454, 9, 6, 8, 46, 1, 8968, 'CZK'),
(455, 40, 5, 8, 51, 2, 2936, 'CZK'),
(456, 55, 4, 8, 14, 5, 7331, 'CZK'),
(457, 3, 3, 8, 19, 5, 7036, 'CZK'),
(458, 63, 2, 8, 51, 1, 3291, 'CZK'),
(459, 49, 1, 8, 99, 3, 8712, 'CZK'),
(460, 96, 10, 9, 39, 1, 8903, 'CZK'),
(461, 100, 9, 9, 100, 2, 6454, 'CZK'),
(462, 23, 8, 9, 81, 2, 3411, 'CZK'),
(463, 7, 7, 9, 4, 2, 4356, 'CZK'),
(464, 18, 6, 9, 76, 3, 3720, 'CZK'),
(465, 10, 5, 9, 68, 2, 6518, 'CZK'),
(466, 8, 4, 9, 10, 3, 9901, 'CZK'),
(467, 62, 3, 9, 47, 1, 6929, 'CZK'),
(468, 13, 2, 9, 4, 3, 4588, 'CZK'),
(469, 57, 1, 9, 80, 3, 6468, 'CZK'),
(470, 82, 10, 10, 88, 1, 2252, 'CZK'),
(471, 70, 9, 10, 97, 5, 315, 'CZK'),
(472, 65, 8, 10, 21, 1, 8714, 'CZK'),
(473, 87, 7, 10, 14, 4, 254, 'CZK'),
(474, 91, 6, 10, 6, 3, 7576, 'CZK'),
(475, 29, 5, 10, 89, 1, 9906, 'CZK'),
(476, 45, 4, 10, 26, 2, 8481, 'CZK'),
(477, 54, 3, 10, 62, 1, 9825, 'CZK'),
(478, 57, 2, 10, 30, 5, 7311, 'CZK'),
(479, 99, 1, 10, 63, 4, 7525, 'CZK'),
(480, 53, 10, 11, 28, 2, 3410, 'CZK'),
(481, 53, 9, 11, 48, 4, 5063, 'CZK'),
(482, 67, 8, 11, 56, 5, 847, 'CZK'),
(483, 94, 7, 11, 34, 3, 5090, 'CZK'),
(484, 13, 6, 11, 1, 1, 2933, 'CZK'),
(485, 3, 5, 11, 2, 2, 2893, 'CZK'),
(486, 60, 4, 11, 9, 1, 8509, 'CZK'),
(487, 87, 3, 11, 38, 4, 3336, 'CZK'),
(488, 28, 2, 11, 64, 3, 2271, 'CZK'),
(489, 87, 1, 11, 3, 4, 7217, 'CZK'),
(490, 61, 10, 12, 21, 5, 5931, 'CZK'),
(491, 30, 9, 12, 98, 4, 7094, 'CZK'),
(492, 38, 8, 12, 27, 4, 6158, 'CZK'),
(493, 83, 7, 12, 41, 2, 8787, 'CZK'),
(494, 59, 6, 12, 23, 2, 6791, 'CZK'),
(495, 53, 5, 12, 92, 3, 3828, 'CZK'),
(496, 12, 4, 12, 92, 3, 8766, 'CZK'),
(497, 5, 3, 12, 81, 3, 8624, 'CZK'),
(498, 51, 2, 12, 28, 5, 2538, 'CZK'),
(499, 38, 1, 12, 97, 1, 4611, 'CZK'),
(500, 94, 10, 1, 100, 2, 8039, 'CZK'),
(501, 4, 9, 1, 9, 4, 8515, 'CZK'),
(502, 87, 8, 1, 46, 4, 3559, 'CZK'),
(503, 38, 7, 1, 2, 5, 116, 'CZK'),
(504, 54, 6, 1, 72, 4, 7037, 'CZK'),
(505, 53, 5, 1, 53, 3, 213, 'CZK'),
(506, 51, 4, 1, 47, 3, 9950, 'CZK'),
(507, 47, 3, 1, 75, 2, 2890, 'CZK'),
(508, 41, 2, 1, 33, 1, 6920, 'CZK'),
(509, 91, 1, 1, 41, 3, 5045, 'CZK'),
(510, 18, 10, 2, 5, 2, 3638, 'CZK'),
(511, 66, 9, 2, 2, 2, 1176, 'CZK'),
(512, 90, 8, 2, 94, 1, 585, 'CZK'),
(513, 81, 7, 2, 65, 5, 9870, 'CZK'),
(514, 30, 6, 2, 42, 3, 6281, 'CZK'),
(515, 63, 5, 2, 13, 2, 3075, 'CZK'),
(516, 81, 4, 2, 38, 1, 1937, 'CZK'),
(517, 57, 3, 2, 53, 2, 7322, 'CZK'),
(518, 79, 2, 2, 49, 4, 3516, 'CZK'),
(519, 51, 1, 2, 88, 3, 9145, 'CZK'),
(520, 12, 10, 3, 90, 5, 7682, 'CZK'),
(521, 37, 9, 3, 87, 3, 6057, 'CZK'),
(522, 39, 8, 3, 63, 1, 4646, 'CZK'),
(523, 93, 7, 3, 56, 2, 4911, 'CZK'),
(524, 68, 6, 3, 89, 5, 4829, 'CZK'),
(525, 70, 5, 3, 78, 1, 1062, 'CZK'),
(526, 38, 4, 3, 20, 4, 8788, 'CZK'),
(527, 58, 3, 3, 66, 2, 5866, 'CZK'),
(528, 12, 2, 3, 69, 5, 8978, 'CZK'),
(529, 94, 1, 3, 48, 5, 232, 'CZK'),
(530, 19, 10, 4, 32, 5, 8639, 'CZK'),
(531, 67, 9, 4, 15, 4, 6388, 'CZK'),
(532, 1, 8, 4, 78, 1, 5302, 'CZK'),
(533, 31, 7, 4, 45, 5, 8881, 'CZK'),
(534, 55, 6, 4, 91, 1, 7675, 'CZK'),
(535, 58, 5, 4, 18, 3, 2684, 'CZK'),
(536, 51, 4, 4, 18, 4, 2327, 'CZK'),
(537, 88, 3, 4, 33, 4, 9542, 'CZK'),
(538, 62, 2, 4, 11, 2, 2279, 'CZK'),
(539, 47, 1, 4, 58, 4, 8600, 'CZK'),
(540, 35, 10, 5, 55, 1, 7410, 'CZK'),
(541, 23, 9, 5, 99, 5, 8870, 'CZK'),
(542, 70, 8, 5, 32, 5, 9283, 'CZK'),
(543, 24, 7, 5, 64, 2, 2905, 'CZK'),
(544, 23, 6, 5, 20, 2, 6303, 'CZK'),
(545, 36, 5, 5, 8, 5, 4781, 'CZK'),
(546, 64, 4, 5, 79, 4, 9117, 'CZK'),
(547, 27, 3, 5, 71, 3, 1073, 'CZK'),
(548, 77, 2, 5, 16, 3, 2820, 'CZK'),
(549, 84, 1, 5, 67, 2, 3366, 'CZK'),
(550, 55, 10, 6, 89, 4, 9758, 'CZK'),
(551, 72, 9, 6, 42, 4, 1395, 'CZK'),
(552, 69, 8, 6, 44, 1, 1363, 'CZK'),
(553, 53, 7, 6, 92, 2, 6806, 'CZK'),
(554, 64, 6, 6, 27, 1, 7416, 'CZK'),
(555, 32, 5, 6, 58, 2, 8299, 'CZK'),
(556, 8, 4, 6, 8, 5, 3084, 'CZK'),
(557, 79, 3, 6, 65, 1, 7576, 'CZK'),
(558, 71, 2, 6, 3, 2, 2784, 'CZK'),
(559, 52, 1, 6, 18, 4, 3053, 'CZK'),
(560, 19, 10, 7, 80, 1, 5529, 'CZK'),
(561, 69, 9, 7, 45, 4, 8131, 'CZK'),
(562, 74, 8, 7, 87, 2, 952, 'CZK'),
(563, 65, 7, 7, 98, 5, 9913, 'CZK'),
(564, 100, 6, 7, 27, 5, 9662, 'CZK'),
(565, 87, 5, 7, 42, 3, 5080, 'CZK'),
(566, 26, 4, 7, 30, 4, 1746, 'CZK'),
(567, 47, 3, 7, 21, 5, 7227, 'CZK'),
(568, 14, 2, 7, 15, 3, 1133, 'CZK'),
(569, 3, 1, 7, 14, 4, 9165, 'CZK'),
(570, 19, 10, 8, 22, 2, 4386, 'CZK'),
(571, 57, 9, 8, 66, 3, 9102, 'CZK'),
(572, 99, 8, 8, 66, 2, 617, 'CZK'),
(573, 66, 7, 8, 33, 1, 6333, 'CZK'),
(574, 80, 6, 8, 65, 1, 9572, 'CZK'),
(575, 59, 5, 8, 25, 1, 5447, 'CZK'),
(576, 53, 4, 8, 28, 5, 3835, 'CZK'),
(577, 93, 3, 8, 65, 3, 6038, 'CZK'),
(578, 59, 2, 8, 39, 1, 8021, 'CZK'),
(579, 68, 1, 8, 1, 5, 8093, 'CZK'),
(580, 15, 10, 9, 89, 2, 9868, 'CZK'),
(581, 9, 9, 9, 39, 3, 1384, 'CZK'),
(582, 22, 8, 9, 29, 4, 7406, 'CZK'),
(583, 67, 7, 9, 28, 1, 5353, 'CZK'),
(584, 35, 6, 9, 53, 1, 5284, 'CZK'),
(585, 30, 5, 9, 79, 5, 5678, 'CZK'),
(586, 16, 4, 9, 36, 1, 9370, 'CZK'),
(587, 45, 3, 9, 42, 3, 6998, 'CZK'),
(588, 27, 2, 9, 2, 2, 4667, 'CZK'),
(589, 55, 1, 9, 83, 2, 1029, 'CZK'),
(590, 44, 10, 10, 10, 5, 627, 'CZK'),
(591, 67, 9, 10, 98, 1, 7314, 'CZK'),
(592, 22, 8, 10, 61, 5, 8573, 'CZK'),
(593, 58, 7, 10, 11, 2, 7960, 'CZK'),
(594, 6, 6, 10, 69, 5, 4121, 'CZK'),
(595, 28, 5, 10, 15, 1, 693, 'CZK'),
(596, 77, 4, 10, 66, 4, 8299, 'CZK'),
(597, 28, 3, 10, 84, 5, 6400, 'CZK'),
(598, 51, 2, 10, 22, 4, 5503, 'CZK'),
(599, 90, 1, 10, 57, 5, 4873, 'CZK'),
(600, 92, 10, 11, 17, 1, 8321, 'CZK'),
(601, 82, 9, 11, 17, 3, 4199, 'CZK'),
(602, 36, 8, 11, 31, 3, 7048, 'CZK'),
(603, 85, 7, 11, 4, 1, 9658, 'CZK'),
(604, 54, 6, 11, 27, 4, 2889, 'CZK'),
(605, 8, 5, 11, 22, 3, 4821, 'CZK'),
(606, 76, 4, 11, 29, 2, 5500, 'CZK'),
(607, 64, 3, 11, 79, 3, 7631, 'CZK'),
(608, 21, 2, 11, 7, 4, 1349, 'CZK'),
(609, 39, 1, 11, 97, 3, 5598, 'CZK'),
(610, 16, 10, 12, 63, 1, 324, 'CZK'),
(611, 83, 9, 12, 23, 1, 8239, 'CZK'),
(612, 94, 8, 12, 28, 1, 1584, 'CZK'),
(613, 19, 7, 12, 69, 3, 8045, 'CZK'),
(614, 60, 6, 12, 60, 3, 1571, 'CZK'),
(615, 98, 5, 12, 95, 3, 2338, 'CZK'),
(616, 84, 4, 12, 92, 3, 844, 'CZK'),
(617, 82, 3, 12, 77, 5, 9078, 'CZK'),
(618, 92, 2, 12, 5, 5, 5213, 'CZK'),
(619, 3, 1, 12, 97, 3, 8378, 'CZK'),
(620, 44, 10, 1, 68, 4, 9436, 'CZK'),
(621, 78, 9, 1, 47, 1, 8639, 'CZK'),
(622, 21, 8, 1, 30, 3, 5457, 'CZK'),
(623, 42, 7, 1, 11, 3, 132, 'CZK'),
(624, 67, 6, 1, 62, 2, 6570, 'CZK'),
(625, 28, 5, 1, 78, 3, 1982, 'CZK'),
(626, 75, 4, 1, 4, 1, 5670, 'CZK'),
(627, 34, 3, 1, 87, 5, 8761, 'CZK'),
(628, 46, 2, 1, 19, 4, 7957, 'CZK'),
(629, 9, 1, 1, 36, 1, 8705, 'CZK'),
(630, 28, 10, 2, 24, 4, 1150, 'CZK'),
(631, 17, 9, 2, 9, 3, 274, 'CZK'),
(632, 59, 8, 2, 74, 5, 5498, 'CZK'),
(633, 16, 7, 2, 44, 1, 1549, 'CZK'),
(634, 38, 6, 2, 95, 3, 9886, 'CZK'),
(635, 68, 5, 2, 45, 3, 1340, 'CZK'),
(636, 33, 4, 2, 39, 2, 3406, 'CZK'),
(637, 88, 3, 2, 59, 2, 3441, 'CZK'),
(638, 51, 2, 2, 79, 3, 9798, 'CZK'),
(639, 41, 1, 2, 15, 1, 2617, 'CZK'),
(640, 99, 10, 3, 38, 1, 8953, 'CZK'),
(641, 96, 9, 3, 45, 1, 6766, 'CZK'),
(642, 4, 8, 3, 10, 1, 7247, 'CZK'),
(643, 11, 7, 3, 16, 2, 5788, 'CZK'),
(644, 74, 6, 3, 51, 5, 4750, 'CZK'),
(645, 56, 5, 3, 4, 2, 704, 'CZK'),
(646, 28, 4, 3, 67, 2, 2087, 'CZK'),
(647, 39, 3, 3, 23, 2, 4141, 'CZK'),
(648, 11, 2, 3, 11, 2, 2422, 'CZK'),
(649, 24, 1, 3, 89, 3, 7489, 'CZK'),
(650, 26, 10, 4, 9, 1, 3799, 'CZK'),
(651, 79, 9, 4, 78, 5, 7434, 'CZK'),
(652, 25, 8, 4, 61, 5, 1795, 'CZK'),
(653, 93, 7, 4, 73, 1, 6999, 'CZK'),
(654, 21, 6, 4, 82, 5, 1352, 'CZK'),
(655, 79, 5, 4, 90, 3, 3148, 'CZK'),
(656, 95, 4, 4, 5, 5, 2239, 'CZK'),
(657, 65, 3, 4, 55, 3, 9717, 'CZK'),
(658, 12, 2, 4, 56, 4, 8764, 'CZK'),
(659, 46, 1, 4, 17, 4, 7864, 'CZK'),
(660, 4, 10, 5, 16, 5, 1147, 'CZK'),
(661, 100, 9, 5, 30, 4, 2945, 'CZK'),
(662, 48, 8, 5, 1, 3, 1436, 'CZK'),
(663, 14, 7, 5, 12, 2, 473, 'CZK'),
(664, 32, 6, 5, 60, 3, 3809, 'CZK'),
(665, 49, 5, 5, 60, 2, 9510, 'CZK'),
(666, 92, 4, 5, 22, 4, 9226, 'CZK'),
(667, 41, 3, 5, 29, 2, 884, 'CZK'),
(668, 62, 2, 5, 79, 5, 4551, 'CZK'),
(669, 67, 1, 5, 7, 5, 8303, 'CZK'),
(670, 26, 10, 6, 98, 4, 1523, 'CZK'),
(671, 38, 9, 6, 66, 3, 1405, 'CZK'),
(672, 31, 8, 6, 39, 1, 6679, 'CZK'),
(673, 99, 7, 6, 95, 5, 6077, 'CZK'),
(674, 30, 6, 6, 59, 4, 3633, 'CZK'),
(675, 85, 5, 6, 8, 1, 2569, 'CZK'),
(676, 78, 4, 6, 62, 1, 3266, 'CZK'),
(677, 22, 3, 6, 87, 1, 8524, 'CZK'),
(678, 97, 2, 6, 47, 2, 4382, 'CZK'),
(679, 37, 1, 6, 74, 3, 6362, 'CZK'),
(680, 52, 10, 7, 28, 4, 9221, 'CZK'),
(681, 53, 9, 7, 16, 5, 6305, 'CZK'),
(682, 63, 8, 7, 97, 2, 2734, 'CZK'),
(683, 66, 7, 7, 38, 3, 3699, 'CZK'),
(684, 43, 6, 7, 98, 1, 9027, 'CZK'),
(685, 41, 5, 7, 75, 2, 3214, 'CZK'),
(686, 67, 4, 7, 81, 2, 8209, 'CZK'),
(687, 2, 3, 7, 77, 4, 387, 'CZK'),
(688, 31, 2, 7, 43, 3, 2151, 'CZK'),
(689, 77, 1, 7, 85, 2, 7963, 'CZK'),
(690, 32, 10, 8, 94, 1, 9403, 'CZK'),
(691, 18, 9, 8, 14, 1, 7289, 'CZK'),
(692, 49, 8, 8, 87, 2, 7280, 'CZK'),
(693, 93, 7, 8, 92, 3, 4194, 'CZK'),
(694, 76, 6, 8, 1, 3, 5075, 'CZK'),
(695, 85, 5, 8, 29, 4, 434, 'CZK'),
(696, 3, 4, 8, 39, 1, 1448, 'CZK'),
(697, 55, 3, 8, 8, 2, 9845, 'CZK'),
(698, 95, 2, 8, 25, 4, 739, 'CZK'),
(699, 98, 1, 8, 98, 4, 5948, 'CZK'),
(700, 84, 10, 9, 14, 3, 5164, 'CZK'),
(701, 35, 9, 9, 78, 2, 9699, 'CZK'),
(702, 25, 8, 9, 45, 2, 7549, 'CZK'),
(703, 88, 7, 9, 94, 1, 231, 'CZK'),
(704, 68, 6, 9, 31, 2, 7479, 'CZK'),
(705, 66, 5, 9, 73, 1, 2764, 'CZK'),
(706, 21, 4, 9, 72, 2, 4073, 'CZK'),
(707, 41, 3, 9, 43, 5, 8462, 'CZK'),
(708, 80, 2, 9, 95, 3, 7329, 'CZK'),
(709, 39, 1, 9, 47, 4, 6144, 'CZK'),
(710, 79, 10, 10, 49, 1, 1312, 'CZK'),
(711, 33, 9, 10, 4, 2, 3199, 'CZK'),
(712, 80, 8, 10, 74, 1, 7411, 'CZK'),
(713, 63, 7, 10, 55, 5, 6309, 'CZK'),
(714, 44, 6, 10, 53, 2, 2399, 'CZK'),
(715, 24, 5, 10, 100, 3, 6539, 'CZK'),
(716, 85, 4, 10, 39, 2, 7579, 'CZK'),
(717, 1, 3, 10, 94, 4, 8760, 'CZK'),
(718, 4, 2, 10, 55, 3, 5837, 'CZK'),
(719, 30, 1, 10, 93, 4, 7435, 'CZK'),
(720, 54, 10, 11, 96, 3, 6276, 'CZK'),
(721, 79, 9, 11, 4, 1, 9065, 'CZK'),
(722, 38, 8, 11, 29, 1, 6013, 'CZK'),
(723, 56, 7, 11, 34, 1, 3391, 'CZK'),
(724, 66, 6, 11, 82, 2, 4760, 'CZK'),
(725, 49, 5, 11, 7, 1, 6866, 'CZK'),
(726, 33, 4, 11, 88, 3, 9603, 'CZK'),
(727, 4, 3, 11, 20, 2, 3425, 'CZK'),
(728, 82, 2, 11, 35, 1, 9518, 'CZK'),
(729, 52, 1, 11, 15, 4, 402, 'CZK'),
(730, 1, 10, 12, 70, 5, 7604, 'CZK'),
(731, 92, 9, 12, 3, 2, 8109, 'CZK'),
(732, 11, 8, 12, 5, 1, 2633, 'CZK'),
(733, 94, 7, 12, 14, 5, 6340, 'CZK'),
(734, 50, 6, 12, 58, 4, 5156, 'CZK'),
(735, 75, 5, 12, 44, 2, 8396, 'CZK'),
(736, 54, 4, 12, 48, 1, 2509, 'CZK'),
(737, 71, 3, 12, 7, 4, 8440, 'CZK'),
(738, 84, 2, 12, 90, 4, 8245, 'CZK'),
(739, 11, 1, 12, 28, 1, 800, 'CZK'),
(740, 12, 10, 1, 69, 2, 4554, 'CZK'),
(741, 18, 9, 1, 60, 3, 884, 'CZK'),
(742, 84, 8, 1, 93, 5, 1969, 'CZK'),
(743, 13, 7, 1, 83, 1, 9711, 'CZK'),
(744, 65, 6, 1, 36, 2, 5675, 'CZK'),
(745, 93, 5, 1, 30, 5, 8412, 'CZK'),
(746, 44, 4, 1, 42, 4, 9640, 'CZK'),
(747, 86, 3, 1, 18, 2, 4274, 'CZK'),
(748, 92, 2, 1, 65, 2, 7141, 'CZK'),
(749, 70, 1, 1, 68, 2, 5175, 'CZK'),
(750, 62, 10, 2, 48, 3, 8119, 'CZK'),
(751, 46, 9, 2, 33, 5, 9600, 'CZK'),
(752, 20, 8, 2, 19, 1, 8910, 'CZK'),
(753, 17, 7, 2, 98, 1, 2921, 'CZK'),
(754, 96, 6, 2, 32, 5, 7731, 'CZK'),
(755, 7, 5, 2, 64, 1, 9697, 'CZK'),
(756, 74, 4, 2, 24, 4, 7376, 'CZK'),
(757, 31, 3, 2, 28, 2, 6244, 'CZK'),
(758, 19, 2, 2, 66, 1, 8032, 'CZK'),
(759, 79, 1, 2, 47, 3, 3446, 'CZK'),
(760, 7, 10, 3, 35, 2, 4110, 'CZK'),
(761, 7, 9, 3, 36, 1, 2855, 'CZK'),
(762, 12, 8, 3, 73, 4, 3386, 'CZK'),
(763, 46, 7, 3, 55, 2, 451, 'CZK'),
(764, 34, 6, 3, 57, 3, 8807, 'CZK'),
(765, 67, 5, 3, 20, 4, 4022, 'CZK'),
(766, 95, 4, 3, 27, 3, 9516, 'CZK'),
(767, 8, 3, 3, 76, 3, 3905, 'CZK'),
(768, 36, 2, 3, 96, 4, 768, 'CZK'),
(769, 46, 1, 3, 53, 1, 355, 'CZK'),
(770, 90, 10, 4, 74, 2, 2511, 'CZK'),
(771, 7, 9, 4, 14, 3, 7870, 'CZK'),
(772, 14, 8, 4, 45, 2, 2143, 'CZK'),
(773, 7, 7, 4, 84, 4, 3282, 'CZK'),
(774, 50, 6, 4, 82, 3, 1498, 'CZK'),
(775, 13, 5, 4, 59, 1, 6277, 'CZK'),
(776, 53, 4, 4, 50, 4, 1069, 'CZK'),
(777, 30, 3, 4, 70, 1, 9906, 'CZK'),
(778, 43, 2, 4, 1, 1, 5978, 'CZK'),
(779, 44, 1, 4, 93, 3, 7549, 'CZK'),
(780, 53, 10, 5, 62, 2, 1729, 'CZK'),
(781, 79, 9, 5, 30, 3, 8536, 'CZK'),
(782, 94, 8, 5, 64, 1, 7248, 'CZK'),
(783, 30, 7, 5, 31, 2, 7544, 'CZK'),
(784, 77, 6, 5, 63, 3, 6618, 'CZK'),
(785, 52, 5, 5, 22, 3, 3774, 'CZK'),
(786, 12, 4, 5, 20, 3, 9165, 'CZK'),
(787, 23, 3, 5, 34, 2, 2373, 'CZK'),
(788, 1, 2, 5, 8, 2, 6519, 'CZK'),
(789, 25, 1, 5, 39, 2, 6697, 'CZK'),
(790, 50, 10, 6, 69, 3, 8080, 'CZK'),
(791, 67, 9, 6, 27, 5, 4944, 'CZK'),
(792, 76, 8, 6, 30, 2, 3853, 'CZK'),
(793, 91, 7, 6, 66, 2, 1283, 'CZK'),
(794, 51, 6, 6, 40, 1, 3331, 'CZK'),
(795, 13, 5, 6, 100, 4, 8837, 'CZK'),
(796, 46, 4, 6, 80, 4, 7900, 'CZK'),
(797, 5, 3, 6, 1, 5, 2101, 'CZK'),
(798, 41, 2, 6, 63, 3, 8998, 'CZK'),
(799, 23, 1, 6, 11, 3, 4448, 'CZK'),
(800, 93, 10, 7, 65, 2, 8689, 'CZK'),
(801, 35, 9, 7, 92, 1, 5488, 'CZK'),
(802, 38, 8, 7, 65, 2, 1281, 'CZK'),
(803, 85, 7, 7, 50, 5, 8490, 'CZK'),
(804, 61, 6, 7, 55, 3, 5775, 'CZK'),
(805, 44, 5, 7, 25, 3, 9817, 'CZK'),
(806, 54, 4, 7, 58, 4, 524, 'CZK'),
(807, 3, 3, 7, 15, 1, 9317, 'CZK'),
(808, 65, 2, 7, 99, 3, 3268, 'CZK'),
(809, 24, 1, 7, 51, 2, 4681, 'CZK'),
(810, 61, 10, 8, 55, 4, 3843, 'CZK'),
(811, 98, 9, 8, 23, 4, 7532, 'CZK'),
(812, 56, 8, 8, 48, 3, 8467, 'CZK'),
(813, 73, 7, 8, 74, 1, 3495, 'CZK'),
(814, 40, 6, 8, 22, 5, 6217, 'CZK'),
(815, 21, 5, 8, 88, 1, 1794, 'CZK'),
(816, 39, 4, 8, 73, 3, 199, 'CZK'),
(817, 75, 3, 8, 1, 4, 1928, 'CZK'),
(818, 88, 2, 8, 84, 5, 5097, 'CZK'),
(819, 5, 1, 8, 16, 4, 4016, 'CZK'),
(820, 87, 10, 9, 29, 1, 225, 'CZK'),
(821, 71, 9, 9, 95, 3, 3376, 'CZK'),
(822, 19, 8, 9, 89, 5, 1424, 'CZK'),
(823, 86, 7, 9, 59, 5, 7694, 'CZK'),
(824, 24, 6, 9, 29, 5, 7515, 'CZK'),
(825, 7, 5, 9, 67, 1, 2160, 'CZK'),
(826, 80, 4, 9, 48, 2, 4364, 'CZK'),
(827, 6, 3, 9, 38, 1, 8362, 'CZK'),
(828, 17, 2, 9, 45, 2, 1396, 'CZK'),
(829, 68, 1, 9, 9, 5, 9434, 'CZK'),
(830, 73, 10, 10, 10, 5, 8927, 'CZK'),
(831, 2, 9, 10, 23, 2, 8737, 'CZK'),
(832, 22, 8, 10, 86, 3, 7241, 'CZK'),
(833, 19, 7, 10, 61, 4, 1577, 'CZK'),
(834, 54, 6, 10, 48, 2, 4704, 'CZK'),
(835, 69, 5, 10, 53, 1, 1799, 'CZK'),
(836, 72, 4, 10, 20, 1, 1838, 'CZK'),
(837, 69, 3, 10, 42, 5, 4150, 'CZK'),
(838, 37, 2, 10, 47, 4, 9912, 'CZK'),
(839, 10, 1, 10, 11, 3, 2465, 'CZK'),
(840, 68, 10, 11, 12, 4, 3619, 'CZK'),
(841, 75, 9, 11, 29, 4, 9865, 'CZK'),
(842, 1, 8, 11, 7, 1, 3115, 'CZK'),
(843, 34, 7, 11, 49, 4, 7406, 'CZK'),
(844, 45, 6, 11, 22, 1, 8140, 'CZK'),
(845, 97, 5, 11, 64, 2, 501, 'CZK'),
(846, 5, 4, 11, 53, 1, 3241, 'CZK'),
(847, 33, 3, 11, 73, 4, 2959, 'CZK'),
(848, 50, 2, 11, 4, 4, 5435, 'CZK'),
(849, 89, 1, 11, 1, 4, 3214, 'CZK'),
(850, 20, 10, 12, 94, 1, 6197, 'CZK'),
(851, 96, 9, 12, 66, 5, 7772, 'CZK'),
(852, 10, 8, 12, 46, 1, 3690, 'CZK'),
(853, 44, 7, 12, 34, 1, 1006, 'CZK'),
(854, 23, 6, 12, 30, 5, 5375, 'CZK'),
(855, 15, 5, 12, 47, 1, 1622, 'CZK'),
(856, 42, 4, 12, 47, 4, 9195, 'CZK'),
(857, 69, 3, 12, 91, 4, 3420, 'CZK'),
(858, 64, 2, 12, 13, 1, 347, 'CZK'),
(859, 56, 1, 12, 94, 4, 9424, 'CZK'),
(860, 54, 10, 1, 31, 5, 6710, 'CZK'),
(861, 78, 9, 1, 73, 5, 9817, 'CZK'),
(862, 33, 8, 1, 69, 4, 4942, 'CZK'),
(863, 37, 7, 1, 26, 2, 6318, 'CZK'),
(864, 12, 6, 1, 22, 4, 531, 'CZK'),
(865, 20, 5, 1, 33, 5, 5340, 'CZK'),
(866, 19, 4, 1, 100, 2, 1707, 'CZK'),
(867, 78, 3, 1, 98, 3, 7014, 'CZK'),
(868, 28, 2, 1, 89, 2, 4892, 'CZK'),
(869, 65, 1, 1, 53, 4, 8655, 'CZK'),
(870, 5, 10, 2, 95, 4, 684, 'CZK'),
(871, 38, 9, 2, 17, 4, 4023, 'CZK'),
(872, 87, 8, 2, 99, 1, 1180, 'CZK'),
(873, 13, 7, 2, 42, 2, 384, 'CZK'),
(874, 31, 6, 2, 14, 3, 3614, 'CZK'),
(875, 41, 5, 2, 43, 5, 6207, 'CZK'),
(876, 19, 4, 2, 71, 1, 7669, 'CZK'),
(877, 64, 3, 2, 26, 5, 5118, 'CZK'),
(878, 89, 2, 2, 17, 5, 9071, 'CZK'),
(879, 80, 1, 2, 6, 2, 8039, 'CZK'),
(880, 31, 10, 3, 80, 1, 6874, 'CZK'),
(881, 7, 9, 3, 82, 2, 952, 'CZK'),
(882, 67, 8, 3, 70, 1, 4174, 'CZK'),
(883, 81, 7, 3, 100, 5, 6061, 'CZK'),
(884, 60, 6, 3, 93, 1, 633, 'CZK'),
(885, 77, 5, 3, 64, 4, 679, 'CZK'),
(886, 28, 4, 3, 41, 2, 2353, 'CZK'),
(887, 51, 3, 3, 13, 5, 6276, 'CZK'),
(888, 65, 2, 3, 41, 2, 7613, 'CZK'),
(889, 79, 1, 3, 64, 4, 8670, 'CZK'),
(890, 40, 10, 4, 97, 2, 7642, 'CZK'),
(891, 64, 9, 4, 94, 5, 5765, 'CZK'),
(892, 18, 8, 4, 76, 1, 2127, 'CZK'),
(893, 60, 7, 4, 100, 2, 9331, 'CZK'),
(894, 64, 6, 4, 71, 2, 733, 'CZK'),
(895, 14, 5, 4, 52, 3, 9424, 'CZK'),
(896, 31, 4, 4, 49, 4, 6184, 'CZK'),
(897, 96, 3, 4, 89, 5, 7379, 'CZK'),
(898, 93, 2, 4, 97, 2, 2333, 'CZK'),
(899, 94, 1, 4, 16, 1, 2047, 'CZK'),
(900, 99, 10, 5, 90, 2, 6494, 'CZK'),
(901, 28, 9, 5, 2, 3, 3648, 'CZK'),
(902, 49, 8, 5, 38, 2, 2418, 'CZK'),
(903, 17, 7, 5, 83, 1, 648, 'CZK'),
(904, 96, 6, 5, 99, 3, 1177, 'CZK'),
(905, 77, 5, 5, 49, 3, 2211, 'CZK'),
(906, 56, 4, 5, 46, 1, 1281, 'CZK'),
(907, 12, 3, 5, 82, 2, 7949, 'CZK'),
(908, 28, 2, 5, 71, 1, 2062, 'CZK'),
(909, 98, 1, 5, 8, 2, 4568, 'CZK'),
(910, 44, 10, 6, 28, 5, 7554, 'CZK'),
(911, 34, 9, 6, 14, 3, 590, 'CZK'),
(912, 2, 8, 6, 87, 5, 6412, 'CZK'),
(913, 38, 7, 6, 93, 5, 6703, 'CZK'),
(914, 47, 6, 6, 5, 2, 1493, 'CZK'),
(915, 79, 5, 6, 44, 3, 2624, 'CZK'),
(916, 71, 4, 6, 2, 4, 5997, 'CZK'),
(917, 76, 3, 6, 81, 1, 7726, 'CZK'),
(918, 83, 2, 6, 98, 5, 5442, 'CZK'),
(919, 30, 1, 6, 47, 5, 3755, 'CZK'),
(920, 30, 10, 7, 38, 2, 9692, 'CZK'),
(921, 74, 9, 7, 50, 4, 5406, 'CZK'),
(922, 45, 8, 7, 36, 4, 7195, 'CZK'),
(923, 76, 7, 7, 29, 4, 8614, 'CZK'),
(924, 43, 6, 7, 35, 3, 4534, 'CZK'),
(925, 61, 5, 7, 90, 4, 6154, 'CZK'),
(926, 1, 4, 7, 41, 1, 8297, 'CZK'),
(927, 65, 3, 7, 38, 4, 7300, 'CZK'),
(928, 45, 2, 7, 65, 1, 8304, 'CZK'),
(929, 5, 1, 7, 10, 4, 6588, 'CZK'),
(930, 100, 10, 8, 54, 1, 664, 'CZK'),
(931, 27, 9, 8, 42, 1, 8664, 'CZK'),
(932, 94, 8, 8, 45, 1, 6640, 'CZK'),
(933, 2, 7, 8, 100, 1, 4953, 'CZK'),
(934, 13, 6, 8, 63, 1, 3849, 'CZK'),
(935, 45, 5, 8, 17, 1, 729, 'CZK'),
(936, 9, 4, 8, 94, 2, 8614, 'CZK'),
(937, 64, 3, 8, 18, 3, 916, 'CZK'),
(938, 62, 2, 8, 10, 5, 3870, 'CZK'),
(939, 37, 1, 8, 93, 4, 2448, 'CZK'),
(940, 20, 10, 9, 34, 2, 7003, 'CZK'),
(941, 72, 9, 9, 93, 3, 3795, 'CZK'),
(942, 35, 8, 9, 63, 4, 459, 'CZK'),
(943, 34, 7, 9, 36, 3, 8250, 'CZK'),
(944, 42, 6, 9, 90, 4, 8776, 'CZK'),
(945, 51, 5, 9, 42, 5, 8834, 'CZK'),
(946, 78, 4, 9, 41, 2, 9144, 'CZK'),
(947, 82, 3, 9, 75, 2, 2669, 'CZK'),
(948, 28, 2, 9, 55, 3, 1034, 'CZK'),
(949, 73, 1, 9, 47, 2, 5491, 'CZK'),
(950, 70, 10, 10, 71, 5, 283, 'CZK'),
(951, 64, 9, 10, 12, 1, 7778, 'CZK'),
(952, 47, 8, 10, 48, 5, 5454, 'CZK'),
(953, 75, 7, 10, 3, 1, 3316, 'CZK'),
(954, 29, 6, 10, 72, 3, 3946, 'CZK'),
(955, 60, 5, 10, 48, 5, 3156, 'CZK'),
(956, 9, 4, 10, 26, 3, 2122, 'CZK'),
(957, 55, 3, 10, 84, 1, 206, 'CZK'),
(958, 66, 2, 10, 43, 2, 3546, 'CZK'),
(959, 95, 1, 10, 61, 4, 5571, 'CZK'),
(960, 74, 10, 11, 77, 1, 8139, 'CZK'),
(961, 6, 9, 11, 2, 5, 446, 'CZK'),
(962, 66, 8, 11, 77, 1, 8808, 'CZK'),
(963, 90, 7, 11, 80, 5, 4273, 'CZK'),
(964, 65, 6, 11, 67, 5, 9701, 'CZK'),
(965, 90, 5, 11, 94, 3, 2114, 'CZK'),
(966, 28, 4, 11, 69, 4, 1010, 'CZK'),
(967, 11, 3, 11, 62, 2, 8614, 'CZK'),
(968, 61, 2, 11, 5, 3, 3203, 'CZK'),
(969, 30, 1, 11, 37, 3, 8564, 'CZK'),
(970, 63, 10, 12, 71, 3, 9309, 'CZK'),
(971, 97, 9, 12, 44, 1, 3356, 'CZK'),
(972, 51, 8, 12, 6, 3, 2070, 'CZK'),
(973, 37, 7, 12, 96, 2, 508, 'CZK'),
(974, 53, 6, 12, 62, 3, 9309, 'CZK'),
(975, 15, 5, 12, 21, 5, 3021, 'CZK'),
(976, 64, 4, 12, 19, 2, 4999, 'CZK'),
(977, 64, 3, 12, 32, 4, 6254, 'CZK'),
(978, 99, 2, 12, 4, 1, 3703, 'CZK'),
(979, 63, 1, 12, 22, 1, 3397, 'CZK'),
(980, 54, 10, 1, 97, 4, 8193, 'CZK'),
(981, 4, 9, 1, 18, 4, 4123, 'CZK'),
(982, 94, 8, 1, 99, 3, 4427, 'CZK'),
(983, 85, 7, 1, 41, 5, 9928, 'CZK'),
(984, 26, 6, 1, 6, 2, 6205, 'CZK'),
(985, 27, 5, 1, 9, 3, 5364, 'CZK'),
(986, 27, 4, 1, 23, 4, 8847, 'CZK'),
(987, 21, 3, 1, 91, 2, 3310, 'CZK'),
(988, 46, 2, 1, 83, 2, 979, 'CZK'),
(989, 58, 1, 1, 42, 4, 3591, 'CZK'),
(990, 92, 10, 2, 59, 3, 8104, 'CZK'),
(991, 52, 9, 2, 68, 1, 1613, 'CZK'),
(992, 35, 8, 2, 65, 2, 4061, 'CZK'),
(993, 14, 7, 2, 18, 3, 8825, 'CZK'),
(994, 5, 6, 2, 97, 3, 7034, 'CZK'),
(995, 81, 5, 2, 29, 5, 2458, 'CZK'),
(996, 40, 4, 2, 53, 2, 1503, 'CZK'),
(997, 92, 3, 2, 76, 1, 9110, 'CZK'),
(998, 17, 2, 2, 23, 1, 9816, 'CZK'),
(999, 63, 1, 2, 86, 1, 9394, 'CZK'),
(1000, 22, 10, 3, 61, 2, 6027, 'CZK');

-- --------------------------------------------------------

--
-- Struktura tabulky `products_dim`
--

DROP TABLE IF EXISTS `products_dim`;
CREATE TABLE IF NOT EXISTS `products_dim` (
  `product_id` int NOT NULL AUTO_INCREMENT,
  `nazev` varchar(25) DEFAULT NULL,
  `zeme_vyroby` varchar(30) DEFAULT NULL,
  PRIMARY KEY (`product_id`)
) ENGINE=InnoDB AUTO_INCREMENT=11 DEFAULT CHARSET=utf8mb3;

--
-- Vypisuji data pro tabulku `products_dim`
--

INSERT INTO `products_dim` (`product_id`, `nazev`, `zeme_vyroby`) VALUES
(1, 'Hráčka', 'Česko'),
(2, 'Mobilní telefon', 'Německo'),
(3, 'Kávovar', 'Slovensko'),
(4, 'Televize', 'Česko'),
(5, 'Přenosný reproduktor', 'Německo'),
(6, 'Kávový mlýnek', 'Slovensko'),
(7, 'Žehlička', 'Česko'),
(8, 'Mikrovlnná trouba', 'Německo'),
(9, 'Vysavač', 'Slovensko'),
(10, 'Mixér', 'Česko');

-- --------------------------------------------------------

--
-- Struktura tabulky `time_dim`
--

DROP TABLE IF EXISTS `time_dim`;
CREATE TABLE IF NOT EXISTS `time_dim` (
  `datum_id` int NOT NULL AUTO_INCREMENT,
  `rok` int DEFAULT NULL,
  `mesic` int DEFAULT NULL,
  `den` int DEFAULT NULL,
  `datum` date NOT NULL,
  PRIMARY KEY (`datum_id`)
) ENGINE=InnoDB AUTO_INCREMENT=101 DEFAULT CHARSET=utf8mb3;

--
-- Vypisuji data pro tabulku `time_dim`
--

INSERT INTO `time_dim` (`datum_id`, `rok`, `mesic`, `den`, `datum`) VALUES
(1, 2020, 2, 9, '2020-02-09'),
(2, 2020, 3, 3, '2020-03-03'),
(3, 2020, 3, 9, '2020-03-09'),
(4, 2020, 3, 24, '2020-03-24'),
(5, 2020, 4, 26, '2020-04-26'),
(6, 2020, 4, 30, '2020-04-30'),
(7, 2020, 5, 6, '2020-05-06'),
(8, 2020, 5, 11, '2020-05-11'),
(9, 2020, 5, 28, '2020-05-28'),
(10, 2020, 5, 30, '2020-05-30'),
(11, 2020, 6, 13, '2020-06-13'),
(12, 2020, 6, 15, '2020-06-15'),
(13, 2020, 6, 30, '2020-06-30'),
(14, 2020, 7, 24, '2020-07-24'),
(15, 2020, 7, 29, '2020-07-29'),
(16, 2020, 9, 11, '2020-09-11'),
(17, 2020, 9, 16, '2020-09-16'),
(18, 2020, 10, 14, '2020-10-14'),
(19, 2020, 11, 14, '2020-11-14'),
(20, 2020, 11, 21, '2020-11-21'),
(21, 2020, 12, 2, '2020-12-02'),
(22, 2020, 12, 10, '2020-12-10'),
(23, 2020, 12, 11, '2020-12-11'),
(24, 2020, 12, 15, '2020-12-15'),
(25, 2020, 12, 30, '2020-12-30'),
(26, 2021, 1, 13, '2021-01-13'),
(27, 2021, 1, 18, '2021-01-18'),
(28, 2021, 3, 10, '2021-03-10'),
(29, 2021, 3, 11, '2021-03-11'),
(30, 2021, 3, 23, '2021-03-23'),
(31, 2021, 4, 16, '2021-04-16'),
(32, 2021, 5, 4, '2021-05-04'),
(33, 2021, 5, 14, '2021-05-14'),
(34, 2021, 5, 14, '2021-05-14'),
(35, 2021, 5, 15, '2021-05-15'),
(36, 2021, 5, 22, '2021-05-22'),
(37, 2021, 6, 16, '2021-06-16'),
(38, 2021, 7, 2, '2021-07-02'),
(39, 2021, 7, 7, '2021-07-07'),
(40, 2021, 7, 12, '2021-07-12'),
(41, 2021, 7, 24, '2021-07-24'),
(42, 2021, 8, 31, '2021-08-31'),
(43, 2021, 9, 4, '2021-09-04'),
(44, 2021, 9, 16, '2021-09-16'),
(45, 2021, 9, 22, '2021-09-22'),
(46, 2021, 10, 24, '2021-10-24'),
(47, 2021, 11, 16, '2021-11-16'),
(48, 2021, 11, 27, '2021-11-27'),
(49, 2021, 12, 5, '2021-12-05'),
(50, 2022, 1, 10, '2022-01-10'),
(51, 2022, 1, 11, '2022-01-11'),
(52, 2022, 1, 26, '2022-01-26'),
(53, 2022, 1, 28, '2022-01-28'),
(54, 2022, 3, 5, '2022-03-05'),
(55, 2022, 3, 27, '2022-03-27'),
(56, 2022, 4, 21, '2022-04-21'),
(57, 2022, 4, 30, '2022-04-30'),
(58, 2022, 5, 7, '2022-05-07'),
(59, 2022, 5, 16, '2022-05-16'),
(60, 2022, 6, 10, '2022-06-10'),
(61, 2022, 7, 6, '2022-07-06'),
(62, 2022, 7, 16, '2022-07-16'),
(63, 2022, 7, 22, '2022-07-22'),
(64, 2022, 7, 29, '2022-07-29'),
(65, 2022, 7, 29, '2022-07-29'),
(66, 2022, 8, 18, '2022-08-18'),
(67, 2022, 8, 24, '2022-08-24'),
(68, 2022, 9, 1, '2022-09-01'),
(69, 2022, 9, 21, '2022-09-21'),
(70, 2022, 10, 5, '2022-10-05'),
(71, 2022, 10, 6, '2022-10-06'),
(72, 2022, 10, 14, '2022-10-14'),
(73, 2022, 10, 26, '2022-10-26'),
(74, 2022, 11, 18, '2022-11-18'),
(75, 2022, 11, 29, '2022-11-29'),
(76, 2023, 1, 6, '2023-01-06'),
(77, 2023, 1, 19, '2023-01-19'),
(78, 2023, 2, 12, '2023-02-12'),
(79, 2023, 2, 21, '2023-02-21'),
(80, 2023, 3, 23, '2023-03-23'),
(81, 2023, 4, 3, '2023-04-03'),
(82, 2023, 5, 3, '2023-05-03'),
(83, 2023, 5, 14, '2023-05-14'),
(84, 2023, 5, 21, '2023-05-21'),
(85, 2023, 5, 28, '2023-05-28'),
(86, 2023, 6, 1, '2023-06-01'),
(87, 2023, 6, 2, '2023-06-02'),
(88, 2023, 6, 9, '2023-06-09'),
(89, 2023, 6, 27, '2023-06-27'),
(90, 2023, 6, 30, '2023-06-30'),
(91, 2023, 8, 6, '2023-08-06'),
(92, 2023, 8, 15, '2023-08-15'),
(93, 2023, 8, 24, '2023-08-24'),
(94, 2023, 11, 13, '2023-11-13'),
(95, 2023, 11, 17, '2023-11-17'),
(96, 2023, 11, 22, '2023-11-22'),
(97, 2023, 11, 25, '2023-11-25'),
(98, 2023, 11, 28, '2023-11-28'),
(99, 2023, 12, 6, '2023-12-06'),
(100, 2023, 12, 7, '2023-12-07');

--
-- Omezení pro exportované tabulky
--

--
-- Omezení pro tabulku `prodej_fact`
--
ALTER TABLE `prodej_fact`
  ADD CONSTRAINT `fk_prodej_fact_customer_dim1` FOREIGN KEY (`customer_id`) REFERENCES `customer_dim` (`customer_id`),
  ADD CONSTRAINT `fk_prodej_fact_platform_dim1` FOREIGN KEY (`platform_id`) REFERENCES `platform_dim` (`platform_id`),
  ADD CONSTRAINT `fk_prodej_fact_products_dim1` FOREIGN KEY (`product_id`) REFERENCES `products_dim` (`product_id`),
  ADD CONSTRAINT `fk_prodej_fact_time_dim` FOREIGN KEY (`datum_id`) REFERENCES `time_dim` (`datum_id`);
COMMIT;

/*!40101 SET CHARACTER_SET_CLIENT=@OLD_CHARACTER_SET_CLIENT */;
/*!40101 SET CHARACTER_SET_RESULTS=@OLD_CHARACTER_SET_RESULTS */;
/*!40101 SET COLLATION_CONNECTION=@OLD_COLLATION_CONNECTION */;
